-- ════════════════════════════════════════════════════════════════════════════
-- The Change PT Studio — katalog seed verisi
-- scripts/generate-seed-sql.js tarafından üretildi (elle düzenlemeyin).
-- Kaynak: src/data/exercises.ts (34 egzersiz),
--         src/data/programs.ts (5 program)
-- ════════════════════════════════════════════════════════════════════════════

insert into public.exercises
  (id, name, description_tr, muscle_group, environments, equipment, difficulty,
   instructions_tr, tips_tr, mistakes_tr, alternatives, sets, reps, rest_seconds,
   image_url, gif_url, video_url, thumbnail_url, media_status)
values
  ('ex_bench_press', 'Bench Press', 'Göğüs kaslarını geliştiren temel bileşik hareket.', 'chest', array['gym']::text[], 'barbell', 'intermediate', array['Sırtüstü sehpaya yat, ayaklar yerde düz.', 'Barı omuz genişliğinden biraz geniş tut.', 'Barı göğüs hizasına kontrollü indir.', 'Güçlü bir itişle yukarı kaldır.']::text[], array['Kürek kemiklerini birbirine yaklaştır.', 'Bileği düz tut, kıvırma.', 'Nefesi aşağıda al, yukarıda ver.']::text[], array['Sırtı aşırı kavis yapmak.', 'Çok geniş ya da dar kavrama.', 'Dirseği tam açmak.']::text[], array['ex_db_press', 'ex_pushup', 'ex_cable_fly']::text[], 4, '8-12', 90, null, null, null, null, null),
  ('ex_db_press', 'Dumbbell Bench Press', 'Dambılla göğüs basması; daha geniş hareket açıklığı sağlar.', 'chest', array['home', 'gym']::text[], 'dumbbells', 'beginner', array['Sırtüstü yat, her elde bir dambıl.', 'Dambılları göğüs yanına indir.', 'Güçlü bir itişle yukarı kaldır.', 'Tepede dambılları birbirine yaklaştır.']::text[], array['Kontrollü indir, patlayıcı kaldır.', 'Dirseği 45 derece açıyla tut.']::text[], array['Dambılları çok hızlı indirmek.', 'Omuzları kaldırmak.']::text[], array['ex_bench_press', 'ex_pushup']::text[], 3, '10-15', 75, null, null, null, null, null),
  ('ex_pushup', 'Push-Up', 'Klasik şınav; ekipmansız göğüs ve arka kol egzersizi.', 'chest', array['home', 'gym', 'outdoor']::text[], 'none', 'beginner', array['Eller omuz genişliğinden biraz geniş, parmaklar ileriye.', 'Gövde düz bir çizgi oluştursun.', 'Göğsü zemine değdirecek kadar in.', 'Başlangıç pozisyonuna dön.']::text[], array['Karın bölgeni sıkı tut.', 'Kalça ne yukarıda ne aşağıda olsun.']::text[], array['Kalçayı yükseltmek.', 'Boynu germek.']::text[], array['ex_db_press', 'ex_bench_press']::text[], 3, '15-20', 60, null, null, null, null, null),
  ('ex_cable_fly', 'Cable Fly', 'Kablo makinesiyle göğüs izolasyon egzersizi.', 'chest', array['gym']::text[], 'cables', 'intermediate', array['Kablolar omuz hizasında, ortada dur.', 'Her elde tutacak, kollar yana açık.', 'Göğüs önünde elleri birleştir.', 'Kontrollü başa dön.']::text[], array['Hareketi göğüs kasıyla yap, kollarla değil.']::text[], array['Dirseği bükmek.', 'Çok ağır kullanmak.']::text[], array['ex_db_fly', 'ex_pushup']::text[], 3, '12-15', 60, null, null, null, null, null),
  ('ex_pullup', 'Pull-Up', 'Geniş sırt kaslarını çalıştıran en etkili üst vücut egzersizi.', 'back', array['gym', 'outdoor']::text[], 'pull_up_bar', 'intermediate', array['Barfiks çubuğuna avuç içleri ileriye bakacak şekilde tutun.', 'Kollar tam açık asıl.', 'Göğsü bara doğru çek.', 'Kontrollü başlangıca dön.']::text[], array['Harekete başlarken kürek kemiklerini aşağı çek.', 'Sallanma yapma.']::text[], array['Boyun uzatmak.', 'Salınarak çıkmak.', 'Tam açılmamak.']::text[], array['ex_lat_pulldown', 'ex_assisted_pullup']::text[], 4, '6-10', 90, null, null, null, null, null),
  ('ex_lat_pulldown', 'Lat Pulldown', 'Makineyle geniş sırt (latissimus) çalışması.', 'back', array['gym']::text[], 'machine', 'beginner', array['Diz yastıklarına otur, barı geniş kavra.', 'Sırt hafif arkaya yatkın.', 'Barı göğüs üst kısmına çek.', 'Kontrollü başlangıca dön.']::text[], array['Dirsekleri aşağıya doğru çek.', 'Sırtı aşırı eğme.']::text[], array['Çok geniş kavramak.', 'Sırta yüklenmek.']::text[], array['ex_pullup']::text[], 4, '10-12', 75, null, null, null, null, null),
  ('ex_bent_row', 'Barbell Bent-Over Row', 'Öne eğilerek yapılan sırt kürek hareketi.', 'back', array['gym']::text[], 'barbell', 'intermediate', array['Kalçadan öne eğil, sırt düz.', 'Barı omuz genişliğinde kavra.', 'Barı göbeğe doğru çek.', 'Kontrollü indir.']::text[], array['Sırtı düz tut, kavislenme.', 'Hareket sırt kasından gelsin.']::text[], array['Sırta kavis yapmak.', 'Ayakları toplamak.']::text[], array['ex_db_row', 'ex_cable_row']::text[], 4, '8-12', 90, null, null, null, null, null),
  ('ex_deadlift', 'Deadlift', 'Tüm arka zinciri aktive eden temel güç hareketi.', 'back', array['gym']::text[], 'barbell', 'advanced', array['Ayaklar omuz genişliğinde, bar ayak üzerinde.', 'Kalçadan eğil, sırt düz, barı kavra.', 'Diz ve kalçayı aynı anda açarak kalk.', 'Dik dur, sonra kontrollü indir.']::text[], array['Bar gövdeye yakın kalsın.', 'Sırt nötr, boyun uzun.', 'Nefesi kaldırırken ver.']::text[], array['Sırtı yuvarlak yapmak.', 'Barı uzakta tutmak.']::text[], array['ex_rdl', 'ex_bent_row']::text[], 4, '5-8', 120, null, null, null, null, null),
  ('ex_ohp', 'Overhead Press', 'Omuz gelişimi için temel dikey baskı hareketi.', 'shoulders', array['gym']::text[], 'barbell', 'intermediate', array['Barı omuz üstünde kavra, dirsekler ilerde.', 'Barı düz yukarı itin.', 'Tepede barı kulak üstünde tut.', 'Kontrollü indir.']::text[], array['Merkez bölge sıkı, bel kavis yapma.', 'Barı dikey kaldır.']::text[], array['Barı öne doğru itmek.', 'Beli çok kavisletmek.']::text[], array['ex_db_shoulder_press', 'ex_arnold_press']::text[], 4, '8-10', 90, null, null, null, null, null),
  ('ex_lateral_raise', 'Lateral Raise', 'Yan omuz kasını hedefleyen izolasyon hareketi.', 'shoulders', array['home', 'gym']::text[], 'dumbbells', 'beginner', array['Ayakta dur, her elde bir dambıl.', 'Kolları yanlara kaldır, dirsek hafif kıvrık.', 'Omuz hizasına kadar kaldır.', 'Kontrollü indir.']::text[], array['Parmaklar hafif aşağıya baksın.', 'Momentum kullanma.']::text[], array['Çok ağır kullanmak.', 'Kolları tam açmak.']::text[], array['ex_cable_lateral', 'ex_ohp']::text[], 3, '12-15', 60, null, null, null, null, null),
  ('ex_bicep_curl', 'Dumbbell Biceps Curl', 'Ön kol (biceps) kasını izole eden klasik bükme hareketi.', 'biceps', array['home', 'gym']::text[], 'dumbbells', 'beginner', array['Ayakta dur, her elde dambıl, avuç içleri ileriye.', 'Dirseği sabit tutarak dambılı yukarı kıvır.', 'Yukarıda bir saniye sık.', 'Kontrollü indir.']::text[], array['Dirsek gövde yanında sabit.', 'Sallanma.']::text[], array['Sallanarak kaldırmak.', 'Dirseğin ileri gitmesi.']::text[], array['ex_hammer_curl', 'ex_barbell_curl']::text[], 3, '12-15', 60, null, null, null, null, null),
  ('ex_tricep_pushdown', 'Triceps Pushdown', 'Kabloyla arka kol (triceps) izolasyonu.', 'triceps', array['gym']::text[], 'cables', 'beginner', array['Kablo makinesinin önünde dur, tutacak göğüs hizasında.', 'Dirsekleri gövde yanında sabit tut.', 'Aşağı it, tam aç.', 'Kontrollü yukarı dön.']::text[], array['Dirsek asla hareket etmesin.', 'Gövde hafif öne eğik.']::text[], array['Dirseğin açılması.', 'Momentum kullanmak.']::text[], array['ex_skull_crusher', 'ex_dips']::text[], 3, '12-15', 60, null, null, null, null, null),
  ('ex_dips', 'Dips', 'Arka kol ve göğüs alt kısmı için bileşik hareket.', 'triceps', array['home', 'gym', 'outdoor']::text[], 'none', 'intermediate', array['Paralel barlara ya da sandalyeye el daya.', 'Gövde dik, kollar tam açık.', 'Dirseği büküp aşağı in.', 'İt ve başa dön.']::text[], array['Gövde dik tutulursa arka kol çalışır.', 'Omzu sıkıştırma.']::text[], array['Çok derine inmek.', 'Omuzları kaldırmak.']::text[], array['ex_tricep_pushdown']::text[], 3, '10-15', 75, null, null, null, null, null),
  ('ex_hammer_curl', 'Hammer Curl', 'Ön kol iç ve dış kaslarını da çalıştıran bükme varyasyonu.', 'biceps', array['home', 'gym']::text[], 'dumbbells', 'beginner', array['Dambılları nötr kavra (avuç içleri karşı karşıya).', 'Dirseği sabit tut, yukarı kıvır.', 'Kontrollü indir.']::text[], array['Bilek sabit tutulsun.', 'İki kol dönüşümlü ya da beraber.']::text[], array['Bileğin bükülmesi.']::text[], array['ex_bicep_curl']::text[], 3, '12-15', 60, null, null, null, null, null),
  ('ex_squat', 'Barbell Squat', 'Alt vücudun temel bileşik hareketi.', 'legs', array['gym']::text[], 'barbell', 'intermediate', array['Bar omuzda, ayaklar omuz genişliğinde.', 'Kalçayı geriye ve aşağıya it.', 'Dizler parmak hizasında, kalçaya kadar in.', 'Topuklardan güç alarak kalk.']::text[], array['Göğsü açık tut.', 'Dizleri içe çökertme.', 'Topuklardan bas.']::text[], array['Dizlerin içe dönmesi.', 'Topukların kalkması.']::text[], array['ex_goblet_squat', 'ex_leg_press']::text[], 4, '8-12', 120, null, null, null, null, null),
  ('ex_lunges', 'Lunge', 'Bacak ve kalça kaslarını geliştiren tek bacak hareketi.', 'legs', array['home', 'gym', 'outdoor']::text[], 'none', 'beginner', array['Dik dur, öne adım at.', 'Arka dizi yere yaklaştır.', 'Ön bacaktan güç alarak kalk.', 'Diğer bacakla tekrarla.']::text[], array['Gövde dik kalsın.', 'Ön diz parmak önüne geçmesin.']::text[], array['Gövdeyi öne eğmek.', 'Dizi içe döndürmek.']::text[], array['ex_squat', 'ex_step_up']::text[], 3, '12 her bacak', 75, null, null, null, null, null),
  ('ex_rdl', 'Romanian Deadlift', 'Arka bacak ve kalça için özelleşmiş ölü kaldırış varyasyonu.', 'legs', array['gym']::text[], 'barbell', 'intermediate', array['Barı kalça önünde tut.', 'Kalçayı geri iterek öne eğil.', 'Barı bacak boyunca aşağı kaydır.', 'Kalçayla güç alarak kalk.']::text[], array['Diz hafif kıvrık, sabit.', 'Sırt düz, kavis yapma.']::text[], array['Sırtı yuvarlak yapmak.', 'Dizi çok bükmek.']::text[], array['ex_deadlift', 'ex_leg_curl']::text[], 4, '10-12', 90, null, null, null, null, null),
  ('ex_leg_press', 'Leg Press', 'Makineyle alt vücut çalışması; çömelme alternatifi.', 'legs', array['gym']::text[], 'machine', 'beginner', array['Makineye otur, ayaklar platform üstünde.', 'Kilidi aç, platformu it.', 'Dizleri 90 dereceye kadar indir.', 'Güçlü bas ve aç.']::text[], array['Beli makineden kaldırma.', 'Dizler içe çökmesin.']::text[], array['Çok alçak gitmek.', 'Dizi kilitleme.']::text[], array['ex_squat', 'ex_lunges']::text[], 4, '12-15', 90, null, null, null, null, null),
  ('ex_plank', 'Plank', 'Merkez bölge stabilitesi için temel statik egzersiz.', 'core', array['home', 'gym', 'outdoor']::text[], 'none', 'beginner', array['Dirsekler omuz altında, ön kol yerde.', 'Gövde düz bir çizgi oluştursun.', 'Kalça ne yukarı ne aşağı.', 'Pozisyonu koru.']::text[], array['Nefes almaya devam et.', 'Kalçayı sıkı tut.']::text[], array['Kalçayı yükseltmek.', 'Beli çöktürmek.']::text[], array['ex_ab_wheel', 'ex_dead_bug']::text[], 3, '30-60 sn', 45, null, null, null, null, null),
  ('ex_crunch', 'Crunch', 'Karın kaslarını hedefleyen temel egzersiz.', 'core', array['home', 'gym', 'outdoor']::text[], 'none', 'beginner', array['Sırtüstü yat, dizler bükük.', 'Elleri başın arkasına al.', 'Omuzları yerden kaldır.', 'Yavaşça indir.']::text[], array['Boynu çekme, karınla kalk.', 'Karın kasını sık.']::text[], array['Boynu germek.', 'Tam oturmak.']::text[], array['ex_plank', 'ex_leg_raise']::text[], 3, '20-25', 45, null, null, null, null, null),
  ('ex_russian_twist', 'Russian Twist', 'Yan karın kaslarını çalıştıran rotasyon hareketi.', 'core', array['home', 'gym', 'outdoor']::text[], 'none', 'intermediate', array['Otur, dizler bükük, hafif geri yaslan.', 'Eller birbirine kenetli ya da elinde ağırlık.', 'Gövdeyi sağa-sola döndür.']::text[], array['Hızlı git, kısa mola.', 'Ağırlıkla yapabilirsin.']::text[], array['Sadece kolları döndürmek.']::text[], array['ex_plank', 'ex_crunch']::text[], 3, '20 her taraf', 45, null, null, null, null, null),
  ('ex_leg_raise', 'Leg Raise', 'Alt karın kaslarını aktive eden bacak kaldırma.', 'core', array['home', 'gym', 'outdoor']::text[], 'none', 'intermediate', array['Sırtüstü yat, eller kalça altında.', 'Bacakları düz yukarı kaldır.', 'Yavaşça indir, yere değdirme.']::text[], array['Beli yerden kaldırma.', 'Kontrollü indir.']::text[], array['Beli kaldırmak.', 'Çok hızlı indirmek.']::text[], array['ex_crunch', 'ex_plank']::text[], 3, '15-20', 45, null, null, null, null, null),
  ('ex_mountain_climber', 'Mountain Climber', 'Merkez bölge ve kardiyoyu birleştiren dinamik egzersiz.', 'core', array['home', 'gym', 'outdoor']::text[], 'none', 'intermediate', array['Şınav pozisyonu al.', 'Bir dizi göğse doğru çek.', 'Diğer bacakla tekrar et.', 'Hızı artır.']::text[], array['Kalçayı sabit tut.', 'Hızlı tempo kardiyo etkisi yaratır.']::text[], array['Kalçayı yükseltmek.']::text[], array['ex_plank', 'ex_burpee']::text[], 3, '30 sn', 30, null, null, null, null, null),
  ('ex_burpee', 'Burpee', 'Tüm vücudu aktive eden yüksek yoğunluklu kardiyo hareketi.', 'cardio', array['home', 'gym', 'outdoor']::text[], 'none', 'intermediate', array['Ayakta başla.', 'Çömelerek elleri yere koy.', 'Ayakları geri atarak şınav pozisyonu al.', 'Öne çek, fırlayarak zıpla.']::text[], array['Tempoyu koru.', 'Nefes ritmi oluştur.']::text[], array['Sırta kavis yapmak.']::text[], array['ex_jumping_jack', 'ex_high_knees']::text[], 3, '10-15', 60, null, null, null, null, null),
  ('ex_jumping_jack', 'Jumping Jack', 'Isınma ve kardiyo için klasik açıl-kapan sıçrama egzersizi.', 'cardio', array['home', 'gym', 'outdoor']::text[], 'none', 'beginner', array['Ayaklar bitişik, eller yanda.', 'Zıpla; ayaklar yana, eller baş üstünde.', 'Geri gel.', 'Tekrar et.']::text[], array['Yumuşak iniş yap.', 'Ritim oluştur.']::text[], array['Çok sert iniş.']::text[], array['ex_high_knees', 'ex_burpee']::text[], 3, '30-60 sn', 30, null, null, null, null, null),
  ('ex_high_knees', 'High Knees', 'Dizleri yüksek kaldırarak yerinde koşma.', 'cardio', array['home', 'gym', 'outdoor']::text[], 'none', 'beginner', array['Ayakta dur.', 'Dizleri sırayla göğüs hizasına çek.', 'Kolları salla.', 'Hızlı tempo tut.']::text[], array['Karnı sıkı tut.', 'Kolları aktif kullan.']::text[], array['Öne eğilmek.']::text[], array['ex_jumping_jack', 'ex_burpee']::text[], 3, '30-45 sn', 30, null, null, null, null, null),
  ('ex_hip_flexor_stretch', 'Hip Flexor Stretch', 'Kalça ön kaslarını esnetme hareketi.', 'mobility', array['home', 'gym', 'outdoor']::text[], 'none', 'beginner', array['Bir diz yerde, diğer ayak önde.', 'Kalçayı öne doğru hafifçe it.', 'Germe hissi kalça ön kısmında olsun.', 'Pozisyonu koru.']::text[], array['Her iki taraf eşit süre.', 'Nefes al ve bırak.']::text[], array['Beli aşırı kavislendirmek.']::text[], array['ex_pigeon_pose']::text[], 2, '30-45 sn her taraf', 15, null, null, null, null, null),
  ('ex_shoulder_mobility', 'Shoulder Circles', 'Omuz eklem hareketliliği ve ısınma egzersizi.', 'mobility', array['home', 'gym', 'outdoor']::text[], 'none', 'beginner', array['Ayakta dik dur.', 'Kolları öne, yana ve geriye daire çiz.', 'Yavaş ve kontrollü hareket et.', 'Her yönde 10 tekrar yap.']::text[], array['Boyun rahat kalsın.', 'Tam hareket açıklığı kullan.']::text[], array['Çok hızlı yapmak.']::text[], array['ex_arm_cross_stretch']::text[], 2, '10 her yön', 15, null, null, null, null, null),
  ('ex_glute_bridge', 'Glute Bridge', 'Kalça kaslarını ekipmansız aktive eden temel hareket.', 'glutes', array['home', 'gym', 'outdoor']::text[], 'none', 'beginner', array['Sırtüstü yat, dizler bükük, ayaklar yerde.', 'Topuklardan güç alarak kalçayı yukarı kaldır.', 'Yukarıda kalçayı bir saniye sık.', 'Kontrollü indir.']::text[], array['Yukarıda beli kavislendirme.', 'Gücü topuklardan al.']::text[], array['Beli aşırı kaldırmak.', 'Hızlı ve kontrolsüz çalışmak.']::text[], array['ex_hip_thrust', 'ex_kb_swing']::text[], 3, '15-20', 45, null, null, null, null, null),
  ('ex_hip_thrust', 'Barbell Hip Thrust', 'Kalça kasları için en etkili yüklenmeli hareket.', 'glutes', array['gym']::text[], 'barbell', 'intermediate', array['Sırt üst kısmını sehpaya daya, bar kalça üzerinde.', 'Ayaklar omuz genişliğinde, dizler bükük.', 'Kalçayı yukarı it, gövde düz çizgi olsun.', 'Kontrollü indir.']::text[], array['Çene hafif içeride, bakış ileri.', 'Tepede kalçayı sık.']::text[], array['Beli kavislendirmek.', 'Yarım hareket yapmak.']::text[], array['ex_glute_bridge', 'ex_kb_swing']::text[], 4, '8-12', 90, null, null, null, null, null),
  ('ex_band_kickback', 'Banded Glute Kickback', 'Direnç bandıyla kalça izolasyon hareketi.', 'glutes', array['home', 'gym', 'outdoor']::text[], 'resistance_bands', 'beginner', array['Bandı ayak bileklerine tak, hafif öne eğil.', 'Bir bacağı geriye doğru it.', 'Tepede kalçayı sık.', 'Kontrollü başa dön, diğer bacakla tekrarla.']::text[], array['Beli sabit tut, hareket kalçadan gelsin.', 'Yavaş ve kontrollü çalış.']::text[], array['Beli kavislendirmek.', 'Momentum kullanmak.']::text[], array['ex_glute_bridge', 'ex_hip_thrust']::text[], 3, '15 her bacak', 45, null, null, null, null, null),
  ('ex_kb_swing', 'Kettlebell Swing', 'Kalça ve arka zinciri patlayıcı şekilde çalıştıran dinamik hareket.', 'glutes', array['home', 'gym', 'outdoor']::text[], 'kettlebell', 'intermediate', array['Ayaklar omuz genişliğinde, kettlebell önünde.', 'Kalçadan eğil, kettlebell''i iki elle kavra.', 'Kalçayı öne iterek kettlebell''i omuz hizasına salla.', 'Kontrollü geri salınıma izin ver.']::text[], array['Güç kollardan değil kalçadan gelsin.', 'Sırt düz kalsın.']::text[], array['Kollarla kaldırmak.', 'Sırtı yuvarlamak.']::text[], array['ex_hip_thrust', 'ex_deadlift']::text[], 4, '15-20', 60, null, null, null, null, null),
  ('ex_trx_row', 'TRX Row', 'TRX askısıyla vücut ağırlığı kullanılan sırt çekiş hareketi.', 'back', array['home', 'gym', 'outdoor']::text[], 'trx', 'beginner', array['TRX kollarını kavra, geriye yaslan.', 'Vücut düz bir çizgi olsun.', 'Göğsü tutacaklara doğru çek.', 'Kontrollü başa dön.']::text[], array['Ne kadar yatay olursan o kadar zorlaşır.', 'Kürek kemiklerini sık.']::text[], array['Kalçayı düşürmek.', 'Omuzları kulağa yaklaştırmak.']::text[], array['ex_bent_row', 'ex_pullup']::text[], 3, '10-15', 60, null, null, null, null, null),
  ('ex_band_pull_apart', 'Band Pull-Apart', 'Arka omuz ve duruş için direnç bandı hareketi.', 'shoulders', array['home', 'gym', 'outdoor']::text[], 'resistance_bands', 'beginner', array['Bandı omuz genişliğinde kavra, kollar önde.', 'Bandı iki yana doğru açarak ger.', 'Kürek kemiklerini birbirine yaklaştır.', 'Kontrollü başa dön.']::text[], array['Omuzları aşağıda tut.', 'Dirsekler hafif kıvrık sabit kalsın.']::text[], array['Omuzları kaldırmak.', 'Çok sert bant kullanmak.']::text[], array['ex_lateral_raise', 'ex_shoulder_mobility']::text[], 3, '15-20', 45, null, null, null, null, null)
on conflict (id) do nothing;

insert into public.programs
  (id, title, description_tr, goal, level, duration_weeks, weekly_days,
   is_premium, is_published, equipment, target_muscles, badge)
values
  ('prog_beginner_reset', 'Başlangıç Tüm Vücut', 'Tüm vücudu güçlendirmek isteyenler için temel başlangıç programı. Doğru hareketleri öğren, kalıcı bir alışkanlık kur.', 'beginner', 'beginner', 4, 3, true, true, array['dumbbells', 'none']::text[], array['full_body', 'core']::text[], 'Başlangıç İçin'),
  ('prog_fat_burn', 'Yağ Yakım Programı', 'Daha fit ve daha enerjik bir yaşam için hazırlandı. Yüksek tempo, HIIT ve güç kombinasyonuyla maksimum kalori yak.', 'fat_burn', 'intermediate', 6, 4, true, true, array['none', 'dumbbells']::text[], array['full_body', 'cardio']::text[], 'Popüler'),
  ('prog_muscle_build', 'Kas Kazanım Programı', 'Daha güçlü, daha hacimli ve daha disiplinli bir vücut için. Kademeli yüklenme ile sürekli güçlen ve büyü.', 'muscle_gain', 'intermediate', 8, 4, true, true, array['barbell', 'dumbbells', 'machine', 'cables']::text[], array['chest', 'back', 'legs', 'shoulders', 'biceps', 'triceps']::text[], 'En Kapsamlı'),
  ('prog_core_control', 'Merkez Bölge Kontrolü', 'Karın, bel ve merkez bölgeni güçlendir. Her seviyeye uygun; dengeni, duruşunu ve fonksiyonel gücünü sağlamlaştır.', 'core', 'all', 4, 3, true, true, array['none']::text[], array['core']::text[], null),
  ('prog_home_warrior', 'Evde Savaşçı', 'Ekipman yok, bahane yok. Evde sıfır ekipmanla güçlen; tek ihtiyacın iraden.', 'home', 'beginner', 4, 4, true, true, array['none']::text[], array['full_body', 'core']::text[], null)
on conflict (id) do nothing;

insert into public.program_workouts
  (program_id, week_number, day_index, workout_id, workout_title)
values
  ('prog_beginner_reset', 1, 1, 'w_full_body_strength', 'Tüm Vücut Güç'),
  ('prog_beginner_reset', 1, 3, 'w_mobility_core', 'Mobilite & Merkez'),
  ('prog_beginner_reset', 1, 5, 'w_conditioning', 'Kondisyon'),
  ('prog_beginner_reset', 2, 1, 'w_full_body_strength', 'Tüm Vücut Güç'),
  ('prog_beginner_reset', 2, 3, 'w_core_day1', 'Merkez Güç'),
  ('prog_beginner_reset', 2, 5, 'w_conditioning', 'Kondisyon'),
  ('prog_beginner_reset', 3, 1, 'w_full_body_strength', 'Tüm Vücut Güç'),
  ('prog_beginner_reset', 3, 3, 'w_mobility_core', 'Mobilite & Merkez'),
  ('prog_beginner_reset', 3, 5, 'w_fat_burn_strength', 'Yağ Yakım Güç'),
  ('prog_beginner_reset', 4, 1, 'w_full_body_strength', 'Tüm Vücut Güç'),
  ('prog_beginner_reset', 4, 3, 'w_core_day2', 'Merkez Dayanıklılık'),
  ('prog_beginner_reset', 4, 5, 'w_conditioning', 'Kondisyon'),
  ('prog_fat_burn', 1, 1, 'w_fat_burn_hiit', 'HIIT Devresi'),
  ('prog_fat_burn', 1, 2, 'w_fat_burn_strength', 'Güç Yakım'),
  ('prog_fat_burn', 1, 4, 'w_fat_burn_hiit', 'HIIT Devresi'),
  ('prog_fat_burn', 1, 5, 'w_conditioning', 'Kondisyon'),
  ('prog_fat_burn', 2, 1, 'w_fat_burn_hiit', 'HIIT Devresi'),
  ('prog_fat_burn', 2, 2, 'w_fat_burn_strength', 'Güç Yakım'),
  ('prog_fat_burn', 2, 4, 'w_core_day1', 'Merkez Patlama'),
  ('prog_fat_burn', 2, 5, 'w_fat_burn_hiit', 'HIIT Devresi'),
  ('prog_fat_burn', 3, 1, 'w_fat_burn_strength', 'Güç Yakım'),
  ('prog_fat_burn', 3, 2, 'w_fat_burn_hiit', 'HIIT Devresi'),
  ('prog_fat_burn', 3, 4, 'w_conditioning', 'Kondisyon'),
  ('prog_fat_burn', 3, 5, 'w_core_day1', 'Merkez Patlama'),
  ('prog_fat_burn', 4, 1, 'w_fat_burn_hiit', 'HIIT Devresi'),
  ('prog_fat_burn', 4, 2, 'w_fat_burn_strength', 'Güç Yakım'),
  ('prog_fat_burn', 4, 4, 'w_fat_burn_hiit', 'HIIT Devresi'),
  ('prog_fat_burn', 4, 6, 'w_conditioning', 'Kondisyon'),
  ('prog_fat_burn', 5, 1, 'w_fat_burn_strength', 'Güç Yakım'),
  ('prog_fat_burn', 5, 2, 'w_fat_burn_hiit', 'HIIT Devresi'),
  ('prog_fat_burn', 5, 4, 'w_core_day2', 'Merkez Dayanıklılık'),
  ('prog_fat_burn', 5, 5, 'w_fat_burn_hiit', 'HIIT Devresi'),
  ('prog_fat_burn', 6, 1, 'w_fat_burn_hiit', 'Final HIIT'),
  ('prog_fat_burn', 6, 2, 'w_fat_burn_strength', 'Final Güç'),
  ('prog_fat_burn', 6, 4, 'w_fat_burn_hiit', 'Final HIIT'),
  ('prog_fat_burn', 6, 6, 'w_conditioning', 'Final Kondisyon'),
  ('prog_muscle_build', 1, 1, 'w_upper_body_mass', 'Üst Vücut A'),
  ('prog_muscle_build', 1, 2, 'w_lower_body_mass', 'Alt Vücut A'),
  ('prog_muscle_build', 1, 4, 'w_upper_body_mass', 'Üst Vücut B'),
  ('prog_muscle_build', 1, 5, 'w_lower_body_mass', 'Alt Vücut B'),
  ('prog_muscle_build', 2, 1, 'w_upper_body_mass', 'Üst Vücut A'),
  ('prog_muscle_build', 2, 2, 'w_lower_body_mass', 'Alt Vücut A'),
  ('prog_muscle_build', 2, 4, 'w_upper_body_mass', 'Üst Vücut B'),
  ('prog_muscle_build', 2, 5, 'w_lower_body_mass', 'Alt Vücut B'),
  ('prog_muscle_build', 3, 1, 'w_upper_body_mass', 'Üst Vücut A'),
  ('prog_muscle_build', 3, 2, 'w_lower_body_mass', 'Alt Vücut A'),
  ('prog_muscle_build', 3, 4, 'w_upper_body_mass', 'Üst Vücut B'),
  ('prog_muscle_build', 3, 5, 'w_lower_body_mass', 'Alt Vücut B'),
  ('prog_muscle_build', 4, 1, 'w_upper_body_mass', 'Hafif Üst'),
  ('prog_muscle_build', 4, 3, 'w_lower_body_mass', 'Hafif Alt'),
  ('prog_muscle_build', 4, 5, 'w_mobility_core', 'Aktif Toparlanma'),
  ('prog_muscle_build', 5, 1, 'w_upper_body_mass', 'Üst Vücut A'),
  ('prog_muscle_build', 5, 2, 'w_lower_body_mass', 'Alt Vücut A'),
  ('prog_muscle_build', 5, 4, 'w_upper_body_mass', 'Üst Vücut B'),
  ('prog_muscle_build', 5, 5, 'w_lower_body_mass', 'Alt Vücut B'),
  ('prog_muscle_build', 6, 1, 'w_upper_body_mass', 'Üst Vücut A'),
  ('prog_muscle_build', 6, 2, 'w_lower_body_mass', 'Alt Vücut A'),
  ('prog_muscle_build', 6, 4, 'w_upper_body_mass', 'Üst Vücut B'),
  ('prog_muscle_build', 6, 5, 'w_lower_body_mass', 'Alt Vücut B'),
  ('prog_muscle_build', 7, 1, 'w_upper_body_mass', 'Üst Vücut A'),
  ('prog_muscle_build', 7, 2, 'w_lower_body_mass', 'Alt Vücut A'),
  ('prog_muscle_build', 7, 4, 'w_upper_body_mass', 'Üst Vücut B'),
  ('prog_muscle_build', 7, 5, 'w_lower_body_mass', 'Alt Vücut B'),
  ('prog_muscle_build', 8, 1, 'w_upper_body_mass', 'Final Üst A'),
  ('prog_muscle_build', 8, 2, 'w_lower_body_mass', 'Final Alt A'),
  ('prog_muscle_build', 8, 4, 'w_upper_body_mass', 'Final Üst B'),
  ('prog_muscle_build', 8, 5, 'w_lower_body_mass', 'Final Alt B'),
  ('prog_core_control', 1, 1, 'w_core_day1', 'Merkez Güç'),
  ('prog_core_control', 1, 3, 'w_core_day2', 'Merkez Dayanıklılık'),
  ('prog_core_control', 1, 5, 'w_core_day1', 'Merkez Güç'),
  ('prog_core_control', 2, 1, 'w_core_day2', 'Merkez Dayanıklılık'),
  ('prog_core_control', 2, 3, 'w_core_day1', 'Merkez Güç'),
  ('prog_core_control', 2, 5, 'w_core_day2', 'Merkez Dayanıklılık'),
  ('prog_core_control', 3, 1, 'w_core_day1', 'Merkez Güç'),
  ('prog_core_control', 3, 3, 'w_core_day2', 'Merkez Dayanıklılık'),
  ('prog_core_control', 3, 5, 'w_core_day1', 'Merkez Güç'),
  ('prog_core_control', 4, 1, 'w_core_day1', 'Final Merkez Güç'),
  ('prog_core_control', 4, 3, 'w_core_day2', 'Final Merkez Dayanıklılık'),
  ('prog_core_control', 4, 5, 'w_core_day1', 'Final Merkez Güç'),
  ('prog_home_warrior', 1, 1, 'w_home_full_body', 'Tüm Vücut A'),
  ('prog_home_warrior', 1, 2, 'w_home_upper', 'Üst Vücut'),
  ('prog_home_warrior', 1, 4, 'w_home_full_body', 'Tüm Vücut B'),
  ('prog_home_warrior', 1, 5, 'w_core_day1', 'Merkez Patlama'),
  ('prog_home_warrior', 2, 1, 'w_home_full_body', 'Tüm Vücut A'),
  ('prog_home_warrior', 2, 2, 'w_home_upper', 'Üst Vücut'),
  ('prog_home_warrior', 2, 4, 'w_conditioning', 'Kondisyon'),
  ('prog_home_warrior', 2, 5, 'w_core_day2', 'Merkez Dayanıklılık'),
  ('prog_home_warrior', 3, 1, 'w_home_full_body', 'Tüm Vücut A'),
  ('prog_home_warrior', 3, 2, 'w_home_upper', 'Üst Vücut'),
  ('prog_home_warrior', 3, 4, 'w_home_full_body', 'Tüm Vücut B'),
  ('prog_home_warrior', 3, 5, 'w_core_day1', 'Merkez Patlama'),
  ('prog_home_warrior', 4, 1, 'w_home_full_body', 'Final Tüm Vücut'),
  ('prog_home_warrior', 4, 2, 'w_home_upper', 'Final Üst'),
  ('prog_home_warrior', 4, 4, 'w_conditioning', 'Final Kondisyon'),
  ('prog_home_warrior', 4, 5, 'w_core_day1', 'Final Merkez')
on conflict (program_id, week_number, day_index) do nothing;
